sample_idx,sample_lat,sample_lng,place_id,hosp_name,hosp_addr,hosp_lat,hosp_lng,dist_m,dur_s
0,23.761823159392183,113.89135321988381,ChIJh6FAiNA6AzQRuT6vVeUbr_o,29,China,23.549537,113.5846286,59256,4514
1,23.374793131223008,113.39137287378709,ChIJodebhEkeAzQRegf_R_gGTtc,58,"9CM5+F3P, Fu Long Lu, Bai Yun Qu, Guang Zhou Shi",23.3837151,113.4077068,2071,466
2,22.82590901699255,113.5041874934022,ChIJmS4Cns8AAzQRXe6Fvnx7oe4,36,"3FX8+8J5, Huang Pu Dong Lu, Huang Pu Qu, Guang Zhou Shi",23.0982571,113.4666072,39451,2028
3,23.847837403135394,113.85720450942081,ChIJh6FAiNA6AzQRuT6vVeUbr_o,29,China,23.549537,113.5846286,86863,6415
4,23.513852892117242,113.75481276903722,ChIJjbtioGlHAzQRiTgUAfs60-0,52,"FQRH+CP3, 派潭镇, Pai Tan Da Dao Zhong, Zeng Cheng Qu, Guang Zhou Shi",23.4910248,113.7793124,4690,524
5,23.86182605288428,113.90886750593782,ChIJh6FAiNA6AzQRuT6vVeUbr_o,29,China,23.549537,113.5846286,70012,3821
6,23.623984552818612,113.74459480187042,ChIJjbtioGlHAzQRiTgUAfs60-0,52,"FQRH+CP3, 派潭镇, Pai Tan Da Dao Zhong, Zeng Cheng Qu, Guang Zhou Shi",23.4910248,113.7793124,29010,1954
7,23.46120058723114,113.09651317150458,ChIJkcw3wfjdAjQR7ba9wD_6h-4,27,"1 Yu Cai Lu, Hua Du Qu, Guang Zhou Shi",23.4575362,113.2799349,25198,1493
8,23.640262918317315,113.55859593528524,ChIJh6FAiNA6AzQRuT6vVeUbr_o,29,China,23.549537,113.5846286,10922,1051
9,22.72198528252802,113.50149323283635,ChIJmS4Cns8AAzQRXe6Fvnx7oe4,36,"3FX8+8J5, Huang Pu Dong Lu, Huang Pu Qu, Guang Zhou Shi",23.0982571,113.4666072,55305,2581
10,23.649047436538865,113.6622945653147,ChIJh6FAiNA6AzQRuT6vVeUbr_o,29,China,23.549537,113.5846286,17063,1672
11,23.31852814996544,113.25322122164218,ChIJ-bc7Nin7AjQRA9vnHhKQ9VA,30,"广花二路800, 广花一级公路, Bai Yun Qu, Guang Zhou Shi",23.274947,113.244736,16336,1186
12,23.468896692755116,113.8474910871914,ChIJjbtioGlHAzQRiTgUAfs60-0,52,"FQRH+CP3, 派潭镇, Pai Tan Da Dao Zhong, Zeng Cheng Qu, Guang Zhou Shi",23.4910248,113.7793124,8916,822
13,23.363828532046366,113.75882558885603,ChIJjbtioGlHAzQRiTgUAfs60-0,52,"FQRH+CP3, 派潭镇, Pai Tan Da Dao Zhong, Zeng Cheng Qu, Guang Zhou Shi",23.4910248,113.7793124,25878,1993
14,22.794357047097417,113.54145254810038,ChIJmS4Cns8AAzQRXe6Fvnx7oe4,36,"3FX8+8J5, Huang Pu Dong Lu, Huang Pu Qu, Guang Zhou Shi",23.0982571,113.4666072,44563,2490
15,23.50242564946885,113.44144591287493,ChIJ2x0864UfAzQRmgY5E6xNtU0,21,"北兴镇花都大道北16号, Hua Du Qu, Guang Zhou Shi",23.433805,113.423999,16195,1982
16,23.248621411707784,113.68588201285942,ChIJp2sKvvEGAzQRH2qqOZJOIPI,39,"4J68+59R, Xintangzhen, Zengcheng District, Guangzhou",23.110477,113.615886,22794,1824
17,23.26320380033669,113.193013859188,ChIJk3--Qdf6AjQR9SSH0NiV9RQ,49,"76FM+8VW, 江同路, Jiang Tong Lu, Bai Yun Qu, Guang Zhou Shi",23.2733606,113.2346982,5212,833
18,23.711640377751408,113.44281533905325,ChIJh6FAiNA6AzQRuT6vVeUbr_o,29,China,23.549537,113.5846286,33594,3173
19,23.20248724925821,113.62906794547042,ChIJp2sKvvEGAzQRH2qqOZJOIPI,39,"4J68+59R, Xintangzhen, Zengcheng District, Guangzhou",23.110477,113.615886,11852,1763
20,23.43324343044894,113.87137217285662,ChIJjbtioGlHAzQRiTgUAfs60-0,52,"FQRH+CP3, 派潭镇, Pai Tan Da Dao Zhong, Zeng Cheng Qu, Guang Zhou Shi",23.4910248,113.7793124,13231,1083
21,23.794696335791027,113.79246509240835,ChIJh6FAiNA6AzQRuT6vVeUbr_o,29,China,23.549537,113.5846286,57241,5064
22,23.39699949527319,113.4516226864022,ChIJodebhEkeAzQRegf_R_gGTtc,58,"9CM5+F3P, Fu Long Lu, Bai Yun Qu, Guang Zhou Shi",23.3837151,113.4077068,5272,484
23,22.60334247149348,113.6547981858377,ChIJD2ZXTjMHAzQRYiM2UHx3tD0,35,"红山三路32号, Huang Pu Qu, Guang Zhou Shi",23.095936,113.477989,73148,3524
24,23.473677183319083,113.01855542952775,ChIJkcw3wfjdAjQR7ba9wD_6h-4,27,"1 Yu Cai Lu, Hua Du Qu, Guang Zhou Shi",23.4575362,113.2799349,37432,2382
25,23.16246464802483,113.6009914986096,ChIJ5V8xuyIGAzQR5yYMVbVycmA,32,"2 Chen Jia Lin Lu, Zeng Cheng Qu, Guang Zhou Shi",23.119628,113.561746,9011,924
26,23.068582826886043,113.38436760387393,ChIJz1qxqVwAAzQRuMuCGUtrU2w,45,"128 Huang Pu Da Dao Dong, Tian He Qu, Guang Zhou Shi",23.11489359999999,113.3923111,9612,862
27,23.573466513972992,113.48556576549383,ChIJ2x0864UfAzQRmgY5E6xNtU0,21,"北兴镇花都大道北16号, Hua Du Qu, Guang Zhou Shi",23.433805,113.423999,24610,1496
28,23.357766319844675,113.3121433051323,ChIJceHK7YjgAjQR3mT5RHC7tKU,51,"C8PJ+378, 中花路, Hua Du Qu, Guang Zhou Shi",23.435154,113.330706,13446,1441
29,22.804929350156446,113.42861170563891,ChIJmS4Cns8AAzQRXe6Fvnx7oe4,36,"3FX8+8J5, Huang Pu Dong Lu, Huang Pu Qu, Guang Zhou Shi",23.0982571,113.4666072,48220,2465
30,23.486687537234253,113.2910746735791,ChIJkcw3wfjdAjQR7ba9wD_6h-4,27,"1 Yu Cai Lu, Hua Du Qu, Guang Zhou Shi",23.4575362,113.2799349,4095,775
31,23.556239917514546,113.54419956956465,ChIJh6FAiNA6AzQRuT6vVeUbr_o,29,China,23.549537,113.5846286,7034,1356
32,23.162478406811626,113.84654474847848,ChIJKW5AH4oJAzQRGcE6AfxCDyg,1,"3M78+PPF, 望牛墩镇东兴工业园, Dong Guan Shi",23.064324,113.666809,27217,2360
33,23.324246151540247,113.77549003617588,ChIJp2sKvvEGAzQRH2qqOZJOIPI,39,"4J68+59R, Xintangzhen, Zengcheng District, Guangzhou",23.110477,113.615886,39726,2971
34,23.603170737196415,113.7727480675547,ChIJjbtioGlHAzQRiTgUAfs60-0,52,"FQRH+CP3, 派潭镇, Pai Tan Da Dao Zhong, Zeng Cheng Qu, Guang Zhou Shi",23.4910248,113.7793124,30717,2967
35,23.152181417997134,113.21167630942051,ChIJ46uqr1P4AjQRKF0S9wyk-cg,15,"46WJ+FC4, Gao Qiao Lu, Bai Yun Qu, Guang Zhou Shi",23.146148,113.231072,2872,391
36,23.414781217998485,113.3034652316827,ChIJceHK7YjgAjQR3mT5RHC7tKU,51,"C8PJ+378, 中花路, Hua Du Qu, Guang Zhou Shi",23.435154,113.330706,5889,763
37,23.683221092327432,113.66760882711708,ChIJh6FAiNA6AzQRuT6vVeUbr_o,29,China,23.549537,113.5846286,29598,1960
38,23.79222558965147,113.83350065136068,ChIJh6FAiNA6AzQRuT6vVeUbr_o,29,China,23.549537,113.5846286,51049,3791
39,23.01723601668666,113.43230290573376,ChIJmS4Cns8AAzQRXe6Fvnx7oe4,36,"3FX8+8J5, Huang Pu Dong Lu, Huang Pu Qu, Guang Zhou Shi",23.0982571,113.4666072,21262,1290
40,23.432511451810115,113.65687047450318,ChIJjbtioGlHAzQRiTgUAfs60-0,52,"FQRH+CP3, 派潭镇, Pai Tan Da Dao Zhong, Zeng Cheng Qu, Guang Zhou Shi",23.4910248,113.7793124,20938,3003
41,23.177305637171017,113.63250963148201,ChIJp2sKvvEGAzQRH2qqOZJOIPI,39,"4J68+59R, Xintangzhen, Zengcheng District, Guangzhou",23.110477,113.615886,9764,1435
42,23.801000337948295,113.85273126273695,ChIJh6FAiNA6AzQRuT6vVeUbr_o,29,China,23.549537,113.5846286,73003,3498
43,22.68276833548784,113.63513913368325,ChIJEeACgUimAzQR78Ni05StcB0,0,"XHRX+GW8, 桥东路, Hong Mei Zhen, Dong Guan Shi",22.991284,113.599831,49881,3720
44,23.677786413454175,113.5257122448877,ChIJh6FAiNA6AzQRuT6vVeUbr_o,29,China,23.549537,113.5846286,23428,1904
45,23.15082270632073,113.6957229913352,ChIJwwqe4UQJAzQRhmE_b-NYT7Q,8,"4M74+C3J, Dongguan",23.113599,113.655154,9272,1162
46,23.423647166935904,113.3286818369533,ChIJceHK7YjgAjQR3mT5RHC7tKU,51,"C8PJ+378, 中花路, Hua Du Qu, Guang Zhou Shi",23.435154,113.330706,2657,340
47,23.03905637169489,113.36010801189536,ChIJv3uZvHIAAzQRVIJAQqK0Grg,17,"3CQ4+2WW, Xin Gang Dong Lu, Hai Zhu Qu, Guang Zhou Shi",23.08760800000001,113.407319,12789,1162
48,23.129085481511527,113.80207317107181,ChIJKW5AH4oJAzQRGcE6AfxCDyg,1,"3M78+PPF, 望牛墩镇东兴工业园, Dong Guan Shi",23.064324,113.666809,18905,1480
49,23.351371312277383,113.64281001292876,ChIJ2x0864UfAzQRmgY5E6xNtU0,21,"北兴镇花都大道北16号, Hua Du Qu, Guang Zhou Shi",23.433805,113.423999,31143,1394
50,23.470488443757215,113.72538560506986,ChIJjbtioGlHAzQRiTgUAfs60-0,52,"FQRH+CP3, 派潭镇, Pai Tan Da Dao Zhong, Zeng Cheng Qu, Guang Zhou Shi",23.4910248,113.7793124,7361,798
51,23.37275648665093,113.43937091247113,ChIJodebhEkeAzQRegf_R_gGTtc,58,"9CM5+F3P, Fu Long Lu, Bai Yun Qu, Guang Zhou Shi",23.3837151,113.4077068,5086,735
52,23.76462869693045,113.73230279104968,ChIJh6FAiNA6AzQRuT6vVeUbr_o,29,China,23.549537,113.5846286,47663,3780
53,23.521132657746715,113.43840002594634,ChIJceHK7YjgAjQR3mT5RHC7tKU,51,"C8PJ+378, 中花路, Hua Du Qu, Guang Zhou Shi",23.435154,113.330706,20888,2226
54,23.29113066788504,113.62771222451546,ChIJI3DSOZ7iAjQRHIuR_zeImPU,9,"79PJ+JC8, 116省道, Bai Yun Qu, Guang Zhou Shi",23.286537,113.381067,30637,2362
55,23.496889387589196,113.13169071352449,ChIJkcw3wfjdAjQR7ba9wD_6h-4,27,"1 Yu Cai Lu, Hua Du Qu, Guang Zhou Shi",23.4575362,113.2799349,31359,2108
56,23.207407079834216,113.55331654984748,ChIJ5V8xuyIGAzQR5yYMVbVycmA,32,"2 Chen Jia Lin Lu, Zeng Cheng Qu, Guang Zhou Shi",23.119628,113.561746,17074,1654
57,23.416490768874397,113.14860891426977,ChIJ7b2BjEDmAjQRJDZQsUgHCcY,47,"新都大道67号, Ying Bin Da Dao, Hua Du Qu, Guang Zhou Shi",23.401531,113.216944,10102,1363
58,23.245436560489175,113.45432714876605,ChIJI3DSOZ7iAjQRHIuR_zeImPU,9,"79PJ+JC8, 116省道, Bai Yun Qu, Guang Zhou Shi",23.286537,113.381067,10695,1015
59,23.428210272629943,113.50443630785658,ChIJodebhEkeAzQRegf_R_gGTtc,58,"9CM5+F3P, Fu Long Lu, Bai Yun Qu, Guang Zhou Shi",23.3837151,113.4077068,13230,1389
60,23.112701443660125,113.21273566333177,ChIJl59zmBD5AjQRTufuRh73cmY,18,"344 Guang Yuan Xi Lu, Yue Xiu Qu, Guang Zhou Shi",23.157455,113.255793,9004,777
61,23.6152158419514,113.775990663605,ChIJjbtioGlHAzQRiTgUAfs60-0,52,"FQRH+CP3, 派潭镇, Pai Tan Da Dao Zhong, Zeng Cheng Qu, Guang Zhou Shi",23.4910248,113.7793124,41893,3496
62,23.211576793407236,113.40935357120244,ChIJxw0elnICAzQR5-em3aIFHtw,59,"59VV+47X, 广汕公路, Tian He Qu, Guang Zhou Shi",23.192863,113.393219,9008,626
63,22.89641336614242,113.45788078976331,ChIJv3uZvHIAAzQRVIJAQqK0Grg,17,"3CQ4+2WW, Xin Gang Dong Lu, Hai Zhu Qu, Guang Zhou Shi",23.08760800000001,113.407319,32412,1875
64,23.682032234008194,113.67150294389361,ChIJh6FAiNA6AzQRuT6vVeUbr_o,29,China,23.549537,113.5846286,22954,2087
65,23.49591087060129,113.3651307356961,ChIJceHK7YjgAjQR3mT5RHC7tKU,51,"C8PJ+378, 中花路, Hua Du Qu, Guang Zhou Shi",23.435154,113.330706,9761,1064
66,23.46304739356846,113.86674477744667,ChIJjbtioGlHAzQRiTgUAfs60-0,52,"FQRH+CP3, 派潭镇, Pai Tan Da Dao Zhong, Zeng Cheng Qu, Guang Zhou Shi",23.4910248,113.7793124,11445,1125
67,23.874903787439973,113.95446519917793,ChIJh6FAiNA6AzQRuT6vVeUbr_o,29,China,23.549537,113.5846286,69644,4178
68,23.355001978535913,113.76185302997308,ChIJjbtioGlHAzQRiTgUAfs60-0,52,"FQRH+CP3, 派潭镇, Pai Tan Da Dao Zhong, Zeng Cheng Qu, Guang Zhou Shi",23.4910248,113.7793124,25708,2212
69,23.79924720179425,113.69183426126806,ChIJh6FAiNA6AzQRuT6vVeUbr_o,29,China,23.549537,113.5846286,51131,4518
70,23.312171365358843,113.73273360280652,ChIJp2sKvvEGAzQRH2qqOZJOIPI,39,"4J68+59R, Xintangzhen, Zengcheng District, Guangzhou",23.110477,113.615886,36107,2745
71,23.276849105659934,113.78473989797322,ChIJp2sKvvEGAzQRH2qqOZJOIPI,39,"4J68+59R, Xintangzhen, Zengcheng District, Guangzhou",23.110477,113.615886,29705,2022
72,23.513790762934374,113.54516540088102,ChIJh6FAiNA6AzQRuT6vVeUbr_o,29,China,23.549537,113.5846286,8467,1130
73,23.259417917067818,113.61045980003962,ChIJ5V8xuyIGAzQR5yYMVbVycmA,32,"2 Chen Jia Lin Lu, Zeng Cheng Qu, Guang Zhou Shi",23.119628,113.561746,20713,2536
74,23.370016951962985,113.2923621962454,ChIJceHK7YjgAjQR3mT5RHC7tKU,51,"C8PJ+378, 中花路, Hua Du Qu, Guang Zhou Shi",23.435154,113.330706,18949,1058
75,22.85324399247351,113.41166134914666,ChIJD0-ACEBUAjQRFCrpulHz9PM,25,"28G6+7C5, 105国道, Pan Yu Qu, Guang Zhou Shi",23.025648,113.311099,27956,2296
76,23.555995019181037,113.78827469785561,ChIJjbtioGlHAzQRiTgUAfs60-0,52,"FQRH+CP3, 派潭镇, Pai Tan Da Dao Zhong, Zeng Cheng Qu, Guang Zhou Shi",23.4910248,113.7793124,11212,975
77,23.308469059152745,113.54612773757,ChIJI3DSOZ7iAjQRHIuR_zeImPU,9,"79PJ+JC8, 116省道, Bai Yun Qu, Guang Zhou Shi",23.286537,113.381067,27780,1900
78,23.467374102442186,112.97701918768205,ChIJkcw3wfjdAjQR7ba9wD_6h-4,27,"1 Yu Cai Lu, Hua Du Qu, Guang Zhou Shi",23.4575362,113.2799349,39140,2419
79,22.994377945654435,113.35330056927108,ChIJD0-ACEBUAjQRFCrpulHz9PM,25,"28G6+7C5, 105国道, Pan Yu Qu, Guang Zhou Shi",23.025648,113.311099,7382,884
80,23.670089662125573,113.61787904992472,ChIJh6FAiNA6AzQRuT6vVeUbr_o,29,China,23.549537,113.5846286,21992,2485
81,23.626925827425566,113.77133926252853,ChIJjbtioGlHAzQRiTgUAfs60-0,52,"FQRH+CP3, 派潭镇, Pai Tan Da Dao Zhong, Zeng Cheng Qu, Guang Zhou Shi",23.4910248,113.7793124,43436,3680
82,23.54478000027193,113.62795143833316,ChIJh6FAiNA6AzQRuT6vVeUbr_o,29,China,23.549537,113.5846286,5215,1024
83,23.52353371990033,113.35620935785002,ChIJceHK7YjgAjQR3mT5RHC7tKU,51,"C8PJ+378, 中花路, Hua Du Qu, Guang Zhou Shi",23.435154,113.330706,21467,1697
84,23.362671944684596,113.91318497938475,ChIJjbtioGlHAzQRiTgUAfs60-0,52,"FQRH+CP3, 派潭镇, Pai Tan Da Dao Zhong, Zeng Cheng Qu, Guang Zhou Shi",23.4910248,113.7793124,24289,1793
85,23.36832765400798,113.36613709420747,ChIJodebhEkeAzQRegf_R_gGTtc,58,"9CM5+F3P, Fu Long Lu, Bai Yun Qu, Guang Zhou Shi",23.3837151,113.4077068,7505,975
86,23.37067946270886,113.02269241657163,ChIJkcw3wfjdAjQR7ba9wD_6h-4,27,"1 Yu Cai Lu, Hua Du Qu, Guang Zhou Shi",23.4575362,113.2799349,52932,2939
87,23.422920613546264,113.94340656082836,ChIJjbtioGlHAzQRiTgUAfs60-0,52,"FQRH+CP3, 派潭镇, Pai Tan Da Dao Zhong, Zeng Cheng Qu, Guang Zhou Shi",23.4910248,113.7793124,29141,2566
88,23.304571603318486,113.09861181539745,ChIJcxP9IsD8AjQRaNz-qtfPXRc,50,"68X7+R36, Dong Ping Da Dao, Bai Yun Qu, Guang Zhou Shi",23.2495365,113.3126372,32860,1713
89,22.975199862169355,113.43898834413149,ChIJmS4Cns8AAzQRXe6Fvnx7oe4,36,"3FX8+8J5, Huang Pu Dong Lu, Huang Pu Qu, Guang Zhou Shi",23.0982571,113.4666072,22111,1414
90,23.724855594407252,113.80663843565715,ChIJh6FAiNA6AzQRuT6vVeUbr_o,29,China,23.549537,113.5846286,50614,4171
91,22.570045803808902,113.64054966326722,ChIJD2ZXTjMHAzQRYiM2UHx3tD0,35,"红山三路32号, Huang Pu Qu, Guang Zhou Shi",23.095936,113.477989,77032,3886
92,23.67550321392358,113.56970284228895,ChIJh6FAiNA6AzQRuT6vVeUbr_o,29,China,23.549537,113.5846286,15210,1546
93,23.452024026252303,113.60112084258074,ChIJodebhEkeAzQRegf_R_gGTtc,58,"9CM5+F3P, Fu Long Lu, Bai Yun Qu, Guang Zhou Shi",23.3837151,113.4077068,23322,2290
94,22.79834974891693,113.42902724894806,ChIJv3uZvHIAAzQRVIJAQqK0Grg,17,"3CQ4+2WW, Xin Gang Dong Lu, Hai Zhu Qu, Guang Zhou Shi",23.08760800000001,113.407319,43246,2224
95,23.291891812556976,113.63574891421716,ChIJodebhEkeAzQRegf_R_gGTtc,58,"9CM5+F3P, Fu Long Lu, Bai Yun Qu, Guang Zhou Shi",23.3837151,113.4077068,41826,2365
96,23.306479936858533,113.85515610365371,ChIJjbtioGlHAzQRiTgUAfs60-0,52,"FQRH+CP3, 派潭镇, Pai Tan Da Dao Zhong, Zeng Cheng Qu, Guang Zhou Shi",23.4910248,113.7793124,27138,1610
97,23.15244230604563,113.73516951455528,ChIJwwqe4UQJAzQRhmE_b-NYT7Q,8,"4M74+C3J, Dongguan",23.113599,113.655154,14858,1681
98,22.93123732130511,113.31459495015369,ChIJ0T2fPSFXAjQR8g3J4E00RcM,2,"26JP+W6R, Nanhai District, Foshan",23.03236,113.235519,25784,1581
99,23.40789863649787,113.10163998455093,ChIJ7b2BjEDmAjQRJDZQsUgHCcY,47,"新都大道67号, Ying Bin Da Dao, Hua Du Qu, Guang Zhou Shi",23.401531,113.216944,17331,2070
