place_id,name,address,lat,lng
ChIJEeACgUimAzQR78Ni05StcB0,Guangdong Si'an Hospital,"XHRX+GW8, 桥东路, Hong Mei Zhen, Dong Guan Shi",22.991284,113.599831
ChIJKW5AH4oJAzQRGcE6AfxCDyg,Liwu Villagers' Committee Health Station,"3M78+PPF, 望牛墩镇东兴工业园, Dong Guan Shi",23.064324,113.666809
ChIJ0T2fPSFXAjQR8g3J4E00RcM,Pingzhou Hospital Sanshan Branch,"26JP+W6R, Nanhai District, Foshan",23.03236,113.235519
ChIJX6EWfxD_AjQR1iQaCT4bkkg,Guangzhou Women and Children's Hospital and Health Institute,"9 Jin Sui Lu, Tian He Qu, Guang Zhou Shi",23.124263,113.320116
ChIJ2Qv9__H3AjQRBc9hi41KWcM,Pearl River Peninsula Garden （West Gate）,"45HH+PXJ, Bei Cun Gong Lu, Nan Hai Qu, Fo Shan Shi",23.129333,113.179898
ChIJCQg-RzL_AjQRiHaq0TtJp30,"The First Affiliated Hospital, Sun Yat-sen University","58 Zhong Shan Er Lu, Yue Xiu Qu, Guang Zhou Shi",23.125445,113.289925
ChIJqUo4QZL4AjQR0uLdya6A6RE,Guangzhou Children's Hospital,"318 Ren Min Zhong Lu, Yue Xiu Qu, Guang Zhou Shi",23.11975,113.253261
ChIJhwFfMzP_AjQR2rUpc9W5ZLI,Guangdong General Hospital,"106 Zhong Shan Er Lu, Yue Xiu Qu, Guang Zhou Shi",23.125672,113.287201
ChIJwwqe4UQJAzQRhmE_b-NYT7Q,Dongguan Xinyong Hospital,"4M74+C3J, Dongguan",23.113599,113.655154
ChIJI3DSOZ7iAjQRHIuR_zeImPU,Hospital for Skin Diseases,"79PJ+JC8, 116省道, Bai Yun Qu, Guang Zhou Shi",23.286537,113.381067
ChIJy2agSpr4AjQRdI_VG18D_PY,中山大学孙逸仙纪念医院,"107 Yan Jiang Xi Lu, Yue Xiu Qu, Guang Zhou Shi",23.10927299999999,113.255817
ChIJ2aAi8uP4AjQRO299b1P_ux4,General Hospital of Guangzhou Military Command,"111 Liu Hua Lu, Yue Xiu Qu, Guang Zhou Shi",23.140359,113.256514
ChIJZbZ1Ku34AjQRgkrjQpNPyx0,Guangzhou Women and Children's Hospital and Health Institute,"402 Ren Min Zhong Lu, Yue Xiu Qu, Guang Zhou Shi",23.123734,113.254417
ChIJWdXYhQRWAjQR7ng9MvltyHg,The Second Affiliated Hospital of Guangzhou Medical University （North Gate）,"250 Chang Gang Zhong Lu, Hai Zhu Qu, Guang Zhou Shi",23.090036,113.278505
ChIJlZlAjgRWAjQR8eEAI4EAqos,广医二院,"250 Chang Gang Dong Lu, Hai Zhu Qu, Guang Zhou Shi",23.0911602,113.2779745
ChIJ46uqr1P4AjQRKF0S9wyk-cg,Linshifu,"46WJ+FC4, Gao Qiao Lu, Bai Yun Qu, Guang Zhou Shi",23.146148,113.231072
ChIJc3PK30gGAzQRCyyTotRAveM,Guangzhou Economic and Technological Development Zone East Branch Clinic,"4G5V+MQ8, 宏光路, Hong Guang Lu, Huang Pu Qu, Guang Zhou Shi",23.1091512,113.5444572
ChIJv3uZvHIAAzQRVIJAQqK0Grg,Guangyu Hospital,"3CQ4+2WW, Xin Gang Dong Lu, Hai Zhu Qu, Guang Zhou Shi",23.08760800000001,113.407319
ChIJl59zmBD5AjQRTufuRh73cmY,Baiyun District Maternal and Child Health Hospital,"344 Guang Yuan Xi Lu, Yue Xiu Qu, Guang Zhou Shi",23.157455,113.255793
ChIJqfHveSr5AjQRmnuS8X58SQg,Guangzhou Tissue Typing Center,"31 Lu Yuan Lu, Yue Xiu Qu, Guang Zhou Shi",23.141651,113.283412
ChIJlRTDevL-AjQRUI0DotGCjTg,The Sixth Affiliated Hospital of Sun Yat-sen University,"17 Shou Gou Ling Lu, Tian He Qu, Guang Zhou Shi",23.153581,113.324484
ChIJ2x0864UfAzQRmgY5E6xNtU0,广州市花都区北兴镇卫生院,"北兴镇花都大道北16号, Hua Du Qu, Guang Zhou Shi",23.433805,113.423999
ChIJ0XDp_TQAAzQRHkhR8RSNCmU,Guanghua School of Stomatology Hospital of Sun Yat-sen,"4CC3+469, 东圃大马路（近天河区红十字会医院）, Tian He Qu, Guang Zhou Shi",23.120297,113.403113
ChIJ-UZf9i8JAzQRgFfdksaZQWQ,Taiwan Zhongshan Hospital Affiliated Aima Gynecological & Obstetrical Hospital,"4JCJ+9H3, Guang Shen Da Dao Dong, Zeng Cheng Qu, Guang Zhou Shi",23.1208838,113.6314322
ChIJZYxyGjn8AjQRzg8S-SmmQZ0,Guangzhou Baiyun Rehabilitation Hospital,"同和街握山新村17号, Wo Shan Dong Jie, Bai Yun Qu, Guang Zhou Shi",23.199611,113.318878
ChIJD0-ACEBUAjQRFCrpulHz9PM,Jialijing,"28G6+7C5, 105国道, Pan Yu Qu, Guang Zhou Shi",23.025648,113.311099
ChIJ7xX4yjb-AjQRMB0JCTzGB8Y,广东邮电职业技术学院卫生所,"中山大道西191号, Tian He Qu, Guang Zhou Shi",23.135885,113.364312
ChIJkcw3wfjdAjQR7ba9wD_6h-4,Huashan Hospital,"1 Yu Cai Lu, Hua Du Qu, Guang Zhou Shi",23.4575362,113.2799349
ChIJUwd6_jMGAzQR78aBH-DFMu0,广州华侨医院分院济慈康复医院,"4H34+G4F, 水南开发区一路, 增城市, Guang Zhou Shi",23.103812,113.55531
ChIJh6FAiNA6AzQRuT6vVeUbr_o,从化市中心医院,China,23.549537,113.5846286
ChIJ-bc7Nin7AjQRA9vnHhKQ9VA,Guangzhou Brain Hospital Jiangcun Yuanqu,"广花二路800, 广花一级公路, Bai Yun Qu, Guang Zhou Shi",23.274947,113.244736
ChIJmUfjW2D-AjQRF0LfdbdpOJY,FEOSO Lei Rheumatism Orthopaedics Hospital,"91 Dong Guan Zhuang Lu, Tian He Qu, Guang Zhou Shi",23.157882,113.33611
ChIJ5V8xuyIGAzQR5yYMVbVycmA,Jihua Hospital,"2 Chen Jia Lin Lu, Zeng Cheng Qu, Guang Zhou Shi",23.119628,113.561746
ChIJUQMu_JYIAzQR3FHfJk6Z8uQ,Xintang Hospital No.1 Out-patient Department,"新塘镇水松坣路10号, Xin Tang Da Dao Xi, Zeng Cheng Qu, Guang Zhou Shi",23.112982,113.5878964
ChIJ38zAqPzmAjQRaibXbf_oaIU,Guangzhou Huadu Blood Station,"C762+36H, 河畔东路, Hua Du Qu, Guang Zhou Shi",23.4101785,113.2505958
ChIJD2ZXTjMHAzQRYiM2UHx3tD0,广州文船小学,"红山三路32号, Huang Pu Qu, Guang Zhou Shi",23.095936,113.477989
ChIJmS4Cns8AAzQRXe6Fvnx7oe4,Nanfang Comprehensive Out-patient Department,"3FX8+8J5, Huang Pu Dong Lu, Huang Pu Qu, Guang Zhou Shi",23.0982571,113.4666072
ChIJ9b3VoNIBAzQRHT4U-opJ6-g,中山大学附属口腔医院广州东圃分院,"东圃大马路3号雅怡阁1-2楼, Tian He Qu, Guang Zhou Shi",23.125163,113.394083
ChIJSQ4UvS78AjQRn19cEjQzgz0,Southern Hospital Jizhensuo,"58PH+F57, Yun Jing Lu, Bai Yun Qu, Guang Zhou Shi",23.186154,113.327909
ChIJp2sKvvEGAzQRH2qqOZJOIPI,广州华侨医院分院济慈康复医院,"4J68+59R, Xintangzhen, Zengcheng District, Guangzhou",23.110477,113.615886
ChIJCwSVZ-viAjQRWjKViX8VLz0,太和医院,"53 Tai He Zhong Lu, Bai Yun Qu, Guang Zhou Shi",23.2918465,113.3571519
ChIJpzQDj00CAzQR63PDhHogJLk,Huangbei Hospital,"126 Lian He Lu, 萝岗区 Huang Pu Qu, Guang Zhou Shi",23.197407,113.4260792
ChIJM-plnon-AjQRKz2ItC7uSrA,China People Wuzhuang Police Budui Guangdong General Team Hospital,"268 Yan Ling Lu, Tian He Qu, Guang Zhou Shi",23.162934,113.331889
ChIJhXIMmFX-AjQRsPd_QNlcLBw,Guangzhou Tianhe Health Inspection Center,"48PP+JFF, Long Kou Xi Lu, 天河公园 Tian He Qu, Guang Zhou Shi",23.136563,113.336184
ChIJee2wOxD8AjQRqhhrCsHdD2o,Guangzhou No.12 People's Hospital,"57WX+MXQ, Yun Shan Bei Lu, Bai Yun Qu, Guang Zhou Shi",23.19671,113.299986
ChIJz1qxqVwAAzQRuMuCGUtrU2w,广州市浪奇实业股份有限公司医务所,"128 Huang Pu Da Dao Dong, Tian He Qu, Guang Zhou Shi",23.11489359999999,113.3923111
ChIJociPyR3_AjQRBjlHgi49V-A,广州仁爱天河医院,"108 Tian He Lu, Tian He Qu, Guang Zhou Shi",23.133454,113.317797
ChIJ7b2BjEDmAjQRJDZQsUgHCcY,Guangzhou Hospital of Integrated Traditional and Western Medicine,"新都大道67号, Ying Bin Da Dao, Hua Du Qu, Guang Zhou Shi",23.401531,113.216944
ChIJnyzKNFf-AjQRii-pRc5i9gI,佳美口腔,"613 Tian He Bei Lu, Tian He Qu, Guang Zhou Shi",23.141771,113.340921
ChIJk3--Qdf6AjQR9SSH0NiV9RQ,No.2 People's Hospital of Baiyun,"76FM+8VW, 江同路, Jiang Tong Lu, Bai Yun Qu, Guang Zhou Shi",23.2733606,113.2346982
ChIJcxP9IsD8AjQRaNz-qtfPXRc,Guangzhou Dongren Hospital Out-patient Department,"68X7+R36, Dong Ping Da Dao, Bai Yun Qu, Guang Zhou Shi",23.2495365,113.3126372
ChIJceHK7YjgAjQR3mT5RHC7tKU,Huadong Hospital,"C8PJ+378, 中花路, Hua Du Qu, Guang Zhou Shi",23.435154,113.330706
ChIJjbtioGlHAzQRiTgUAfs60-0,Paitan Hospital,"FQRH+CP3, 派潭镇, Pai Tan Da Dao Zhong, Zeng Cheng Qu, Guang Zhou Shi",23.4910248,113.7793124
ChIJScjBgDH-AjQRgHeGTqL3mv8,Guangzhou Nanguo Medical Treatment Out-patient Department,"上社横街自编3, Shang She Kou Gang Xin Da Jie, Tian He Qu, Guang Zhou Shi",23.133971,113.36776
ChIJn9V45kH-AjQR70eoznwLq1k,Wushanjie Yuezhou Community Health Service Station,"39 Yue Zhou Lu, Tian He Qu, Guang Zhou Shi",23.152268,113.353735
ChIJK5m3dOH-AjQRyDfecYPILQ8,Guangzhou Guanghua Orthopaedics Out-patient Department,"1162 Guang Zhou Da Dao Zhong, Tian He Qu, Guang Zhou Shi",23.139443,113.315411
ChIJQUp_fVP-AjQRhZwfFkbP5vY,中山大学附属第三医院-肠道病门诊,"天河路600号中山大学附属第三医院, Tian He Qu, Guang Zhou Shi",23.1347,113.340698
ChIJS8Lf3jb-AjQRQvJde6vxQhc,南方医科大学第三附属医院-感染科,"中山大道西183号, Tian He Qu, Guang Zhou Shi",23.137468,113.362713
ChIJodebhEkeAzQRegf_R_gGTtc,Zhongluotan Hospital,"9CM5+F3P, Fu Long Lu, Bai Yun Qu, Guang Zhou Shi",23.3837151,113.4077068
ChIJxw0elnICAzQR5-em3aIFHtw,天河区柯木塱门诊部,"59VV+47X, 广汕公路, Tian He Qu, Guang Zhou Shi",23.192863,113.393219
